Number,ID
2,AID01101
3,AID01102
4,AID01103
5,AID01104
6,AID01105
7,AID01106
8,AID01107
9,AID01108
10,AID01109
11,AID01110
12,AID01111
13,AID01112
14,AID01113
15,AID01114
16,AID01115
17,AID01116
18,AID01117
19,AID01118
20,AID01119
21,AID01120
22,AID01121
23,AID01122
24,AID01123
25,AID01124
26,AID01125
27,AID01126
28,AID01127
29,AID01128
30,AID01129
31,AID01130
32,AID01131
33,AID01132
34,AID01133
35,AID01134
36,AID01135
37,AID01136
38,AID01201
39,AID01202
40,AID01203
41,AID01204
42,AID01205
43,AID01206
44,AID01207
45,AID01208
46,AID01209
47,AID01210
48,AID01211
49,AID01212
50,AID01213
51,AID01214
52,AID01215
53,AID01216
54,AID01217
55,AID01218
56,AID01219
57,AID01220
58,AID01221
59,AID01222
60,AID01223
61,AID02104
62,AID02105
63,AID02106
64,AID02107
65,AID02108
66,AID02109
67,AID02110
68,AID02111
69,AID02112
70,AID02113
71,AID02114
72,AID02115
73,AID02116
74,AID02117
75,AID02118
76,AID02119
77,AID02120
78,AID02121
79,AID02122
80,AID02123
81,AID02124
82,AID02125
83,AID02126
84,AID02127
85,AID02201
86,AID02202
87,AID02203
88,AID02204
89,AID02205
90,AID02206
91,AID02207
92,AID02208
93,AID02209
94,AID02210
95,AID02211
96,AID02212
97,AID02213
98,AID02214
99,AID02215
100,AID03101
101,AID03102
102,AID03103
103,AID03104
104,AID03106
105,AID03107
106,AID03108
107,AID03109
108,AID03110
109,AID03111
110,AID03112
111,AID03113
112,AID03114
113,AID03115
114,AID03116
115,AID03117
116,AID03118
117,AID03119
118,AID03120
119,AID03121
120,AID03122
121,AID03123
122,AID03124
123,AID03125
124,AID03201
125,AID03202
126,AID03203
127,AID03204
128,AID03205
129,AID03206
130,AID03207
131,AID03208
132,AID03209
133,AID03210
134,AID03211
135,AID04101
136,AID04102
137,AID04103
138,AID04104
139,AID04105
140,AID04106
141,AID04107
142,AID04108
143,AID04109
144,AID04110
145,AID04111
146,AID04112
147,AID04113
148,AID04114
149,AID04115
150,AID04116
151,AID04117
152,AID04118
153,AID04119
154,AID04120
155,AID04121
156,AID04122
157,AID04201
158,AID04202
159,AID04203
160,AID04204
161,AID04205
162,AID04206
163,AID04207
164,AID04208
165,AID04209
166,AID04210
167,AID04211
168,AID04212
169,AID04213
170,AID04214
171,AID04215
172,AID04216
173,AID04217
174,AID04218
175,AID04219
176,AID04220
177,AID04221
178,AID04222
179,AID05101
180,AID05102
181,AID05103
182,AID05104
183,AID05109
184,AID05110
185,AID05111
186,AID05113
187,AID05114
188,AID05115
189,AID05116
190,AID05117
191,AID05118
192,AID05119
193,AID05120
194,AID05121
195,AID05122
196,AID05123
197,AID05124
198,AID05125
199,AID05126
200,AID05127
201,AID05128
202,AID05129
203,AID05130
204,AID05131
205,AID05132
206,AID05133
207,AID05134
208,AID05135
209,AID05201
210,AID05202
211,AID05203
212,AID05204
213,AID05205
214,AID05206
215,AID05207
216,AID05208
217,AID05209
218,AID05210
219,AID05211
220,AID05212
221,AID05213
222,AID05214
223,AID05215
224,AID05216
225,AID05217
226,AID05218
227,AID05219
228,AID05220
229,AID05221
230,AID05222
231,AID05223
232,AID05224
233,AID05225
234,AID05226
235,AID05227
236,AID05232
237,AID05233
238,AID05234
239,AID05235
240,AID07101
241,AID07102
242,AID07103
243,AID07104
244,AID07105
245,AID07106
246,AID07107
247,AID07108
248,AID07109
249,AID07110
250,AID07111
251,AID07112
252,AID07113
253,AID07114
254,AID07115
255,AID07116
256,AID07117
257,AID07118
258,AID07119
259,AID07120
260,AID07121
261,AID07122
262,AID07123
263,AID07124
264,AID07125
265,AID07126
266,AID07127
267,AID07128
268,AID07129
269,AID07130
270,AID07131
271,AID07132
272,AID07133
273,AID07134
274,AID07201
275,AID07202
276,AID07203
277,AID07204
278,AID07205
279,AID07206
280,AID07207
281,AID07208
282,AID07209
283,AID07210
284,AID07211
285,AID07212
286,AID07213
287,AID07214
288,AID07215
289,AID07216
290,AID07217
291,AID07218
292,AID07219
293,AID07220
294,AID07221
295,AID07222
296,AID07223
297,AID07224
298,AID07225
299,AID07226
300,AID07227
301,AID07228
302,AID07229
303,AID07230
304,AID07231
305,AID07232
306,AID08101
307,AID08102
308,AID08103
309,AID08104
310,AID08105
311,AID08106
312,AID08107
313,AID08108
314,AID08109
315,AID08110
316,AID08111
317,AID08112
318,AID08113
319,AID08114
320,AID08115
321,AID08116
322,AID08117
323,AID08118
324,AID08119
325,AID08120
326,AID08121
327,AID08122
328,AID08201
329,AID08202
330,AID08203
331,AID08204
332,AID08205
333,AID08206
334,AID08207
335,AID08208
336,AID08209
337,AID08210
338,AID08211
339,AID08212
340,AID08213
341,AID08214
342,AID08215
343,AID08216
344,AID08217
345,AID08218
346,AID08219
347,AID08220
348,AID08221
349,AID08222
350,AID08223
351,AID09101
352,AID09102
353,AID09103
354,AID09104
355,AID09105
356,AID09106
357,AID09107
358,AID09108
359,AID09109
360,AID09110
361,AID09111
362,AID09112
363,AID09113
364,AID09114
365,AID09115
366,AID09116
367,AID09118
368,AID09119
369,AID09120
370,AID09121
371,AID09122
372,AID09123
373,AID09151
374,AID09152
375,AID09153
376,AID09154
377,AID09155
378,AID09156
379,AID09157
380,AID09201
381,AID09202
382,AID09203
383,AID09204
384,AID09205
385,AID09206
386,AID09207
387,AID09208
388,AID09251
389,AID09252
390,AID09253
391,AID09254
392,AID09255
393,AID09256
394,AID09257
395,AID09258
396,AID10101
397,AID10102
398,AID10103
399,AID10104
400,AID10105
401,AID10106
402,AID10107
403,AID10108
404,AID10109
405,AID10110
406,AID10111
407,AID10112
408,AID10113
409,AID10114
410,AID10115
411,AID10116
412,AID10117
413,AID10118
414,AID10119
415,AID10120
416,AID10201
417,AID10202
418,AID10203
419,AID10204
420,AID10205
421,AID10206
422,AID10207
423,AID10208
424,AID10209
425,AID10210
426,AID10211
427,AID10212
428,AID10213
429,AID10214
430,AID10215
431,AID10216
432,AID10217
433,AID10218
434,AID90008
435,AID90009
436,TDS10001
437,TDS10002
438,TDS10003
439,TDS10004
440,TDS10005
441,TDS10006
442,TDS10007
443,TDS10008
444,TDS10009
445,TDS10010
446,TDS10011
447,TDS10012
448,TDS10013
449,TDS20001
450,TDS20002
451,TDS20003
452,TDS20004
453,TDS20005
454,TDS20006
455,TDS20007
456,TDS20008
457,TDS20009
458,TDS30001
459,TDS30002
460,TDS30003
461,TDS30004
462,TDS30005
463,TDS30006
464,TDS30007
465,TDS30008
466,TDS30009
467,TDS90001
468,TDS90002
469,TDS90003
470,TDS90004
471,TDS90005
472,TDS90010
473,TDS90011
474,TDS90012
475,TDS90013
476,TDS90014
477,TDS90015
478,TDS90016
479,TDS90017
480,TDS90018
481,TDS90019
482,TDS90020
483,TDS90021
484,TDS90022
485,TDS90023
486,TDS90024
487,TDS90025
488,TDS90026
489,TDS90027
490,TDS90028
491,TDS90029
492,TDS90030
493,TDS90031
494,TDS90032
495,TDS90033
496,TDS90034
497,TDS90035
498,TDS90036
499,TDS90037
500,TDS90038
501,TDS90039
502,TDS90040
503,TDS90041
504,TDS90042
505,TDS90043
506,TDS90044
507,TDS90045
508,TDS90046
509,TDS90048
510,TDS90049
511,TDS90051
512,TDS90052
513,TDS90053
514,TDS90055
515,TDS90056
516,TDS90057
517,TDS90058
518,TDS90059
519,TDS90060
520,TDS90061
521,TDS90062
522,TDS90063
523,TDS90064
524,TDS90065
525,TDS90066
526,TDS90067
527,TDS90068
528,TDS90069
529,TDS90070
530,TDS90071
531,TDS90072
532,TDS90073
533,TDS90074
534,TDS90075
535,TDS90076
536,TDS90077
537,TDS90078
538,TDS90079
539,TDS90080
540,TDS90081
541,TDS90082
542,TDS90083
543,TDS90084
544,TDS90085
545,TDS90086
546,TDS90087
547,TDS90088
548,TDS90089
549,TDS90090
550,TDS90091
551,TDS90092
552,TDS91001
553,TDS91002
554,TDS91003
555,TDS91004
556,TDS91005
557,TDS91006
558,TDS91007
559,TDS91008
560,TDS91009
561,TDS91010
562,TDS91011
563,TDS91012
564,TDS91013
565,TDS91014
566,TDS91015
567,TDS91016
568,TDS91017
569,TDS91018
570,TDS91019
571,TDS91020
572,TDS91021
573,TDS91022
574,TDS91023
575,TDS91024
576,TDS91025
577,TDS91026
578,TDS91027
579,TDS91028
580,TDS91029
581,TDS91030
582,TDS91031
583,TDS91032
584,TDS91035
585,TDS91037
586,TDS91038
587,TDS91040
588,TDS91041
589,TDS91042
590,TDS91043
591,TDS91044
592,TDS91045
593,TDS91046
594,TDS91047
595,TDS91048
596,TDS91049
597,TDS91050
598,TDS91051
599,TDS91052
600,TDS91053
601,TDS91054
602,TDS91055
603,TDS91056
604,TDS91057
605,TDS91058
606,TDS91059
607,TDS91060
608,TDS91061
609,TDS91062
610,TDS91063
611,TDS91064
612,TDS91065
613,TDS91066
614,TDS91067
615,TDS91068
616,TDS91069
617,TDS91070
618,TDS91071
619,TDS91072
620,TDS91073
621,TDS91074
622,TDS91075
623,TDS91076
624,TDS91077
625,TDSAPR10001
626,TDSAPR20001
627,TDSCPRHSK10001
628,TDSCPRHSK10002
629,TDSCPRHSK10003
630,TDSCPRHSK10004
631,TDSCPRHSK20001
632,TDSCPRHSK20002
633,TDSCPRHSK20003
634,TDSCPRKC10001
635,TDSCPRKC10002
636,TDSCPRKC10003
637,TDSCPRKC10004
638,TDSCPRKC20001
639,TDSCPRKC20002
640,TDSCPRKC20003
641,TDSCPRKC20004
642,TDSCPRKC20005
643,TDSCPRLT10001
644,TDSCPRLT10002
645,TDSCPRLT20001
646,TDSCPRLT20002
647,TDSCPRPS10001
648,TDSCPRPS10002
649,TDSCPRPS10003
650,TDSCPRPS10004
651,TDSCPRPS20001
652,TDSCPRPS20002
653,TDSCPRPS20003
654,TDSCPRPS20004
655,TDSIEC10001
656,TDSIEC10002
657,TDSIEC10003
658,TDSIEC10004
659,TDSIEC20001
660,TDSIEC20002
661,TDSJCR10001
662,TDSJCR10002
663,TDSJCR20001
664,TDSJCR20002
665,TDSLFR10001
666,TDSLFR10002
667,TDSLFR10003
668,TDSLFR20001
669,TDSLFR20002
670,TDSLTR10001
671,TDSLTR10002
672,TDSLTR10003
673,TDSLTR10004
674,TDSLTR20001
675,TDSLTR20002
676,TDSLTR20003
677,TDSLTR20004
678,TDSMOSB10001
679,TDSMOSB10002
680,TDSMOSB10003
681,TDSMOSB10004
682,TDSMOSB10005
683,TDSMOSB20001
684,TDSMOSB20002
685,TDSMOSB20003
686,TDSMOSB20004
687,TDSMOSB20005
688,TDSMOSB20006
689,TDSMOSR10001
690,TDSMOSR10002
691,TDSMOSR10003
692,TDSMOSR20001
693,TDSMOSR20002
694,TDSNCWBR10001
695,TDSNCWBR10002
696,TDSNCWBR10003
697,TDSNCWBR10004
698,TDSNCWBR20001
699,TDSNCWBR20002
700,TDSNCWBR20003
701,TDSNCWBR20004
702,TDSPBH10001
703,TDSPBH10002
704,TDSPBH20001
705,TDSPBH20002
706,TDSPERE10001
707,TDSPERE10002
708,TDSPERE20001
709,TDSPERE20002
710,TDSSPWR10001
711,TDSSPWR10002
712,TDSSPWR10003
713,TDSSPWR20001
714,TDSSPWR20002
715,TDSSPWR20003
716,TDSTCKR10001
717,TDSTCKR10002
718,TDSTCKR10003
719,TDSTCKR10004
720,TDSTCKR20001
721,TDSTCKR20002
722,TDSTCKR20003
723,TDSTCKR20004
724,TDSTKR10001
725,TDSTKR10002
726,TDSTKR10003
727,TDSTKR10004
728,TDSTKR10005
729,TDSTKR10006
730,TDSTKR10007
731,TDSTKR10008
732,TDSTKR20001
733,TDSTKR20002
734,TDSTKR20003
735,TDSTKR20004
736,TDSTKR20005
737,TDSTKR20006
738,TDSTKR20007
739,TDSTKR20008
740,TDSTKR20009
741,TDSTPR10001
742,TDSTPR10002
743,TDSTPR10003
744,TDSTPR10004
745,TDSTPR10005
746,TDSTPR10006
747,TDSTPR10007
748,TDSTPR10008
749,TDSTPR10009
750,TDSTPR10010
751,TDSTPR10011
752,TDSTPR10012
753,TDSTPR10013
754,TDSTPR10014
755,TDSTPR10015
756,TDSTPR10016
757,TDSTPR20001
758,TDSTPR20002
759,TDSTPR20003
760,TDSTPR20004
761,TDSTPR20005
762,TDSTPR20006
763,TDSTPR20007
764,TDSTPR20008
765,TDSTPR20009
766,TDSTPR20010
767,TDSTPR20011
768,TDSTPR20012
769,TDSTPR20013
770,TDSTPR20014
771,TDSTPTWR10001
772,TDSTPTWR10002
773,TDSTPTWR20001
774,TDSTPTWR20002
775,TDSTTR10001
776,TDSTTR10002
777,TDSTTR10003
778,TDSTTR20001
779,TDSTTR20002
780,TDSTYR10001
781,TDSTYR10002
782,TDSTYR10003
783,TDSTYR20001
784,TDSTYR20002
785,TDSTYR20003
786,TDSYSR10001
787,TDSYSR10002
788,TDSYSR10003
789,TDSYSR20001
790,TDSYSR20002
791,TDSYSR20003
