detector_id,time_window,time_step,total_volume,avg_speed
AID01101,2026/6/6 10:42,64,12,52.666666666666664
AID01102,2026/6/6 10:42,64,16,58.0
AID01103,2026/6/6 10:42,64,16,54.666666666666664
AID01104,2026/6/6 10:42,64,11,53.5
AID01106,2026/6/6 10:42,64,13,34.0
AID01107,2026/6/6 10:42,64,10,48.0
AID01108,2026/6/6 10:42,64,10,60.5
AID01110,2026/6/6 10:42,64,17,35.666666666666664
AID01113,2026/6/6 10:42,64,8,59.333333333333336
AID01114,2026/6/6 10:42,64,12,64.66666666666667
AID01115,2026/6/6 10:42,64,15,49.666666666666664
AID01116,2026/6/6 10:42,64,5,68.5
AID01117,2026/6/6 10:42,64,16,44.25
AID01118,2026/6/6 10:42,64,19,22.333333333333332
AID01120,2026/6/6 10:42,64,18,44.666666666666664
AID01121,2026/6/6 10:42,64,5,53.0
AID01122,2026/6/6 10:42,64,4,65.0
AID01123,2026/6/6 10:42,64,21,29.5
AID01124,2026/6/6 10:42,64,17,54.5
AID01125,2026/6/6 10:42,64,14,55.5
AID01126,2026/6/6 10:42,64,7,84.0
AID01127,2026/6/6 10:42,64,15,62.5
AID01128,2026/6/6 10:42,64,22,72.0
AID01129,2026/6/6 10:42,64,12,64.0
AID01132,2026/6/6 10:42,64,8,76.66666666666667
AID01133,2026/6/6 10:42,64,4,70.0
AID01134,2026/6/6 10:42,64,6,65.0
AID01135,2026/6/6 10:42,64,4,78.5
AID01136,2026/6/6 10:42,64,4,70.0
AID01201,2026/6/6 10:42,64,16,39.5
AID01202,2026/6/6 10:42,64,14,47.5
AID01203,2026/6/6 10:42,64,19,50.0
AID01204,2026/6/6 10:42,64,25,28.333333333333332
AID01205,2026/6/6 10:42,64,20,37.0
AID01206,2026/6/6 10:42,64,19,23.0
AID01207,2026/6/6 10:42,64,27,49.0
AID01208,2026/6/6 10:42,64,21,53.0
AID01209,2026/6/6 10:42,64,27,48.0
AID01210,2026/6/6 10:42,64,24,49.0
AID01211,2026/6/6 10:42,64,20,42.0
AID01212,2026/6/6 10:42,64,13,55.666666666666664
AID01214,2026/6/6 10:42,64,17,16.0
AID01215,2026/6/6 10:42,64,11,46.5
AID01216,2026/6/6 10:42,64,3,70.0
AID01217,2026/6/6 10:42,64,13,62.75
AID01218,2026/6/6 10:42,64,9,60.5
AID01219,2026/6/6 10:42,64,14,58.0
AID01221,2026/6/6 10:42,64,5,34.666666666666664
AID01222,2026/6/6 10:42,64,10,45.333333333333336
AID01223,2026/6/6 10:42,64,15,52.0
AID02104,2026/6/6 10:42,64,5,82.5
AID02105,2026/6/6 10:42,64,8,63.5
AID02106,2026/6/6 10:42,64,18,61.333333333333336
AID02107,2026/6/6 10:42,64,16,65.66666666666667
AID02108,2026/6/6 10:42,64,17,27.666666666666668
AID02109,2026/6/6 10:42,64,24,25.333333333333332
AID02110,2026/6/6 10:42,64,24,31.666666666666668
AID02111,2026/6/6 10:42,64,20,32.333333333333336
AID02112,2026/6/6 10:42,64,8,77.0
AID02113,2026/6/6 10:42,64,10,71.0
AID02114,2026/6/6 10:42,64,12,69.0
AID02115,2026/6/6 10:42,64,17,60.0
AID02116,2026/6/6 10:42,64,6,70.5
AID02117,2026/6/6 10:42,64,8,65.5
AID02118,2026/6/6 10:42,64,14,64.2
AID02119,2026/6/6 10:42,64,10,63.5
AID02120,2026/6/6 10:42,64,12,68.0
AID02121,2026/6/6 10:42,64,9,77.66666666666667
AID02122,2026/6/6 10:42,64,17,73.0
AID02123,2026/6/6 10:42,64,12,80.0
AID02124,2026/6/6 10:42,64,8,68.5
AID02125,2026/6/6 10:42,64,3,75.5
AID02126,2026/6/6 10:42,64,23,75.0
AID02127,2026/6/6 10:42,64,9,85.5
AID02202,2026/6/6 10:42,64,11,84.5
AID02203,2026/6/6 10:42,64,8,58.5
AID02204,2026/6/6 10:42,64,14,56.0
AID02205,2026/6/6 10:42,64,12,67.0
AID02206,2026/6/6 10:42,64,8,76.5
AID02207,2026/6/6 10:42,64,21,66.33333333333333
AID02208,2026/6/6 10:42,64,27,44.666666666666664
AID02209,2026/6/6 10:42,64,29,65.33333333333333
AID02210,2026/6/6 10:42,64,26,54.333333333333336
AID02211,2026/6/6 10:42,64,15,50.666666666666664
AID02212,2026/6/6 10:42,64,17,63.0
AID02213,2026/6/6 10:42,64,20,67.0
AID02214,2026/6/6 10:42,64,21,63.75
AID02215,2026/6/6 10:42,64,14,61.5
AID03101,2026/6/6 10:42,64,10,67.0
AID03102,2026/6/6 10:42,64,0,50.0
AID03103,2026/6/6 10:42,64,9,80.5
AID03104,2026/6/6 10:42,64,3,44.0
AID03106,2026/6/6 10:42,64,11,87.0
AID03107,2026/6/6 10:42,64,10,73.66666666666667
AID03108,2026/6/6 10:42,64,20,66.66666666666667
AID03109,2026/6/6 10:42,64,28,72.33333333333333
AID03110,2026/6/6 10:42,64,22,77.0
AID03111,2026/6/6 10:42,64,24,79.66666666666667
AID03112,2026/6/6 10:42,64,21,77.66666666666667
AID03113,2026/6/6 10:42,64,11,70.66666666666667
AID03114,2026/6/6 10:42,64,20,77.66666666666667
AID03115,2026/6/6 10:42,64,11,79.33333333333333
AID03116,2026/6/6 10:42,64,5,77.66666666666667
AID03117,2026/6/6 10:42,64,8,101.66666666666667
AID03118,2026/6/6 10:42,64,16,87.66666666666667
AID03119,2026/6/6 10:42,64,18,93.0
AID03120,2026/6/6 10:42,64,15,81.0
AID03121,2026/6/6 10:42,64,8,89.66666666666667
AID03122,2026/6/6 10:42,64,12,92.33333333333333
AID03123,2026/6/6 10:42,64,15,110.0
AID03124,2026/6/6 10:42,64,4,116.5
AID03125,2026/6/6 10:42,64,5,120.5
AID03201,2026/6/6 10:42,64,15,75.0
AID03202,2026/6/6 10:42,64,40,70.0
AID03203,2026/6/6 10:42,64,26,72.66666666666667
AID03204,2026/6/6 10:42,64,17,66.66666666666667
AID03205,2026/6/6 10:42,64,35,42.333333333333336
AID03206,2026/6/6 10:42,64,26,38.0
AID03207,2026/6/6 10:42,64,23,41.666666666666664
AID03208,2026/6/6 10:42,64,24,51.666666666666664
AID03209,2026/6/6 10:42,64,27,58.333333333333336
AID03210,2026/6/6 10:42,64,18,64.0
AID03211,2026/6/6 10:42,64,30,60.0
AID04101,2026/6/6 10:42,64,9,53.333333333333336
AID04102,2026/6/6 10:42,64,6,82.5
AID04103,2026/6/6 10:42,64,4,67.0
AID04104,2026/6/6 10:42,64,15,61.5
AID04105,2026/6/6 10:42,64,27,54.333333333333336
AID04106,2026/6/6 10:42,64,11,57.666666666666664
AID04107,2026/6/6 10:42,64,24,50.0
AID04108,2026/6/6 10:42,64,12,59.5
AID04109,2026/6/6 10:42,64,9,62.0
AID04110,2026/6/6 10:42,64,17,55.8
AID04111,2026/6/6 10:42,64,18,48.0
AID04112,2026/6/6 10:42,64,12,54.0
AID04113,2026/6/6 10:42,64,12,63.333333333333336
AID04114,2026/6/6 10:42,64,15,64.33333333333333
AID04115,2026/6/6 10:42,64,14,48.5
AID04116,2026/6/6 10:42,64,9,52.0
AID04117,2026/6/6 10:42,64,7,49.0
AID04118,2026/6/6 10:42,64,2,77.5
AID04119,2026/6/6 10:42,64,4,58.0
AID04120,2026/6/6 10:42,64,4,94.5
AID04121,2026/6/6 10:42,64,8,69.5
AID04122,2026/6/6 10:42,64,10,59.666666666666664
AID04201,2026/6/6 10:42,64,0,50.0
AID04202,2026/6/6 10:42,64,3,62.0
AID04203,2026/6/6 10:42,64,13,58.666666666666664
AID04204,2026/6/6 10:42,64,17,53.5
AID04205,2026/6/6 10:42,64,13,32.666666666666664
AID04206,2026/6/6 10:42,64,7,44.0
AID04207,2026/6/6 10:42,64,5,51.0
AID04208,2026/6/6 10:42,64,20,52.0
AID04209,2026/6/6 10:42,64,20,52.333333333333336
AID04210,2026/6/6 10:42,64,24,51.0
AID04211,2026/6/6 10:42,64,9,60.0
AID04212,2026/6/6 10:42,64,29,56.5
AID04213,2026/6/6 10:42,64,15,50.0
AID04214,2026/6/6 10:42,64,26,50.6
AID04215,2026/6/6 10:42,64,40,49.5
AID04216,2026/6/6 10:42,64,24,45.0
AID04217,2026/6/6 10:42,64,29,38.0
AID04218,2026/6/6 10:42,64,24,57.333333333333336
AID04219,2026/6/6 10:42,64,15,62.666666666666664
AID04220,2026/6/6 10:42,64,2,78.5
AID04221,2026/6/6 10:42,64,7,63.5
AID04222,2026/6/6 10:42,64,4,48.0
AID05101,2026/6/6 10:42,64,9,37.5
AID05102,2026/6/6 10:42,64,3,42.0
AID05103,2026/6/6 10:42,64,7,64.0
AID05104,2026/6/6 10:42,64,17,49.666666666666664
AID05109,2026/6/6 10:42,64,15,48.25
AID05110,2026/6/6 10:42,64,16,42.0
AID05113,2026/6/6 10:42,64,0,50.0
AID05114,2026/6/6 10:42,64,13,49.75
AID05115,2026/6/6 10:42,64,4,51.0
AID05116,2026/6/6 10:42,64,8,60.0
AID05117,2026/6/6 10:42,64,4,76.5
AID05118,2026/6/6 10:42,64,22,57.5
AID05119,2026/6/6 10:42,64,14,53.0
AID05120,2026/6/6 10:42,64,6,71.5
AID05121,2026/6/6 10:42,64,20,45.0
AID05123,2026/6/6 10:42,64,8,71.0
AID05124,2026/6/6 10:42,64,10,79.33333333333333
AID05125,2026/6/6 10:42,64,17,58.8
AID05126,2026/6/6 10:42,64,9,53.0
AID05127,2026/6/6 10:42,64,13,56.5
AID05128,2026/6/6 10:42,64,23,51.333333333333336
AID05129,2026/6/6 10:42,64,22,46.666666666666664
AID05130,2026/6/6 10:42,64,18,53.5
AID05131,2026/6/6 10:42,64,21,73.0
AID05132,2026/6/6 10:42,64,22,60.0
AID05133,2026/6/6 10:42,64,10,69.0
AID05134,2026/6/6 10:42,64,7,75.5
AID05135,2026/6/6 10:42,64,10,80.0
AID05201,2026/6/6 10:42,64,14,71.33333333333333
AID05202,2026/6/6 10:42,64,16,69.5
AID05203,2026/6/6 10:42,64,8,76.0
AID05204,2026/6/6 10:42,64,24,71.0
AID05205,2026/6/6 10:42,64,17,65.5
AID05206,2026/6/6 10:42,64,24,61.0
AID05207,2026/6/6 10:42,64,22,49.0
AID05208,2026/6/6 10:42,64,35,31.5
AID05209,2026/6/6 10:42,64,37,47.0
AID05210,2026/6/6 10:42,64,25,59.0
AID05211,2026/6/6 10:42,64,25,61.4
AID05212,2026/6/6 10:42,64,20,58.333333333333336
AID05213,2026/6/6 10:42,64,19,56.666666666666664
AID05215,2026/6/6 10:42,64,25,48.0
AID05216,2026/6/6 10:42,64,19,54.5
AID05217,2026/6/6 10:42,64,12,55.0
AID05218,2026/6/6 10:42,64,16,58.666666666666664
AID05219,2026/6/6 10:42,64,18,48.0
AID05220,2026/6/6 10:42,64,8,54.5
AID05221,2026/6/6 10:42,64,10,69.0
AID05222,2026/6/6 10:42,64,15,47.666666666666664
AID05223,2026/6/6 10:42,64,3,5.0
AID05225,2026/6/6 10:42,64,9,41.0
AID05226,2026/6/6 10:42,64,9,49.5
AID05227,2026/6/6 10:42,64,23,38.0
AID05232,2026/6/6 10:42,64,12,38.5
AID05233,2026/6/6 10:42,64,6,54.0
AID05234,2026/6/6 10:42,64,3,60.0
AID05235,2026/6/6 10:42,64,0,70.0
AID07101,2026/6/6 10:42,64,12,33.0
AID07102,2026/6/6 10:42,64,3,55.0
AID07103,2026/6/6 10:42,64,2,76.0
AID07104,2026/6/6 10:42,64,23,51.333333333333336
AID07105,2026/6/6 10:42,64,13,13.5
AID07106,2026/6/6 10:42,64,24,26.0
AID07107,2026/6/6 10:42,64,20,39.0
AID07109,2026/6/6 10:42,64,7,44.0
AID07110,2026/6/6 10:42,64,8,41.5
AID07111,2026/6/6 10:42,64,8,62.0
AID07112,2026/6/6 10:42,64,11,45.666666666666664
AID07113,2026/6/6 10:42,64,12,57.75
AID07114,2026/6/6 10:42,64,22,55.833333333333336
AID07115,2026/6/6 10:42,64,23,39.5
AID07116,2026/6/6 10:42,64,11,36.75
AID07117,2026/6/6 10:42,64,19,48.0
AID07118,2026/6/6 10:42,64,11,65.33333333333333
AID07119,2026/6/6 10:42,64,16,57.333333333333336
AID07120,2026/6/6 10:42,64,22,45.0
AID07121,2026/6/6 10:42,64,11,53.333333333333336
AID07122,2026/6/6 10:42,64,20,47.0
AID07123,2026/6/6 10:42,64,12,49.0
AID07124,2026/6/6 10:42,64,19,44.666666666666664
AID07125,2026/6/6 10:42,64,15,53.5
AID07126,2026/6/6 10:42,64,9,69.0
AID07127,2026/6/6 10:42,64,12,61.5
AID07128,2026/6/6 10:42,64,13,41.5
AID07129,2026/6/6 10:42,64,24,60.333333333333336
AID07130,2026/6/6 10:42,64,17,61.333333333333336
AID07131,2026/6/6 10:42,64,13,50.0
AID07132,2026/6/6 10:42,64,8,57.0
AID07133,2026/6/6 10:42,64,13,52.666666666666664
AID07134,2026/6/6 10:42,64,5,40.5
AID07201,2026/6/6 10:42,64,16,59.5
AID07202,2026/6/6 10:42,64,20,47.666666666666664
AID07203,2026/6/6 10:42,64,19,61.666666666666664
AID07204,2026/6/6 10:42,64,16,70.33333333333333
AID07205,2026/6/6 10:42,64,10,58.75
AID07206,2026/6/6 10:42,64,18,49.0
AID07207,2026/6/6 10:42,64,6,61.333333333333336
AID07208,2026/6/6 10:42,64,9,54.666666666666664
AID07209,2026/6/6 10:42,64,13,58.5
AID07210,2026/6/6 10:42,64,17,57.666666666666664
AID07211,2026/6/6 10:42,64,15,56.333333333333336
AID07212,2026/6/6 10:42,64,23,41.333333333333336
AID07213,2026/6/6 10:42,64,22,47.666666666666664
AID07214,2026/6/6 10:42,64,24,49.333333333333336
AID07215,2026/6/6 10:42,64,15,52.666666666666664
AID07216,2026/6/6 10:42,64,15,55.0
AID07217,2026/6/6 10:42,64,10,58.666666666666664
AID07218,2026/6/6 10:42,64,19,48.0
AID07219,2026/6/6 10:42,64,23,51.0
AID07220,2026/6/6 10:42,64,14,74.75
AID07221,2026/6/6 10:42,64,12,35.0
AID07222,2026/6/6 10:42,64,8,49.333333333333336
AID07223,2026/6/6 10:42,64,12,38.0
AID07224,2026/6/6 10:42,64,24,40.0
AID07225,2026/6/6 10:42,64,11,26.666666666666668
AID07226,2026/6/6 10:42,64,3,34.0
AID07227,2026/6/6 10:42,64,9,38.5
AID07228,2026/6/6 10:42,64,23,50.0
AID07229,2026/6/6 10:42,64,13,59.0
AID07230,2026/6/6 10:42,64,22,54.5
AID07231,2026/6/6 10:42,64,8,71.5
AID07232,2026/6/6 10:42,64,8,43.5
AID08101,2026/6/6 10:42,64,28,67.0
AID08102,2026/6/6 10:42,64,20,100.0
AID08103,2026/6/6 10:42,64,20,71.0
AID08104,2026/6/6 10:42,64,12,92.66666666666667
AID08105,2026/6/6 10:42,64,23,73.0
AID08106,2026/6/6 10:42,64,23,62.666666666666664
AID08107,2026/6/6 10:42,64,6,91.33333333333333
AID08108,2026/6/6 10:42,64,15,88.33333333333333
AID08109,2026/6/6 10:42,64,33,86.66666666666667
AID08110,2026/6/6 10:42,64,21,88.66666666666667
AID08111,2026/6/6 10:42,64,16,84.0
AID08112,2026/6/6 10:42,64,10,90.0
AID08113,2026/6/6 10:42,64,13,79.66666666666667
AID08114,2026/6/6 10:42,64,12,100.66666666666667
AID08115,2026/6/6 10:42,64,9,80.33333333333333
AID08116,2026/6/6 10:42,64,8,95.33333333333333
AID08117,2026/6/6 10:42,64,19,91.0
AID08118,2026/6/6 10:42,64,14,100.66666666666667
AID08119,2026/6/6 10:42,64,13,90.33333333333333
AID08120,2026/6/6 10:42,64,13,85.33333333333333
AID08121,2026/6/6 10:42,64,6,99.33333333333333
AID08122,2026/6/6 10:42,64,17,91.66666666666667
AID08201,2026/6/6 10:42,64,1,97.0
AID08202,2026/6/6 10:42,64,3,100.66666666666667
AID08203,2026/6/6 10:42,64,3,88.0
AID08204,2026/6/6 10:42,64,8,90.0
AID08205,2026/6/6 10:42,64,17,79.0
AID08206,2026/6/6 10:42,64,9,92.0
AID08207,2026/6/6 10:42,64,10,85.33333333333333
AID08208,2026/6/6 10:42,64,15,90.0
AID08209,2026/6/6 10:42,64,7,99.66666666666667
AID08210,2026/6/6 10:42,64,9,88.33333333333333
AID08211,2026/6/6 10:42,64,10,90.33333333333333
AID08212,2026/6/6 10:42,64,8,97.33333333333333
AID08213,2026/6/6 10:42,64,12,87.0
AID08214,2026/6/6 10:42,64,14,86.0
AID08215,2026/6/6 10:42,64,19,88.66666666666667
AID08216,2026/6/6 10:42,64,21,90.33333333333333
AID08217,2026/6/6 10:42,64,25,83.0
AID08218,2026/6/6 10:42,64,11,81.66666666666667
AID08219,2026/6/6 10:42,64,9,92.0
AID08220,2026/6/6 10:42,64,17,88.0
AID08221,2026/6/6 10:42,64,22,94.33333333333333
AID08222,2026/6/6 10:42,64,20,88.33333333333333
AID08223,2026/6/6 10:42,64,21,88.33333333333333
AID09101,2026/6/6 10:42,64,0,35.0
AID09102,2026/6/6 10:42,64,13,66.66666666666667
AID09103,2026/6/6 10:42,64,11,63.666666666666664
AID09104,2026/6/6 10:42,64,4,68.5
AID09105,2026/6/6 10:42,64,0,80.0
AID09106,2026/6/6 10:42,64,6,65.66666666666667
AID09107,2026/6/6 10:42,64,12,64.66666666666667
AID09108,2026/6/6 10:42,64,7,60.333333333333336
AID09109,2026/6/6 10:42,64,7,63.25
AID09110,2026/6/6 10:42,64,15,48.0
AID09111,2026/6/6 10:42,64,9,68.0
AID09112,2026/6/6 10:42,64,15,59.5
AID09113,2026/6/6 10:42,64,11,52.0
AID09114,2026/6/6 10:42,64,24,55.333333333333336
AID09116,2026/6/6 10:42,64,17,45.0
AID09118,2026/6/6 10:42,64,20,56.0
AID09120,2026/6/6 10:42,64,22,65.33333333333333
AID09121,2026/6/6 10:42,64,22,68.0
AID09122,2026/6/6 10:42,64,14,64.66666666666667
AID09123,2026/6/6 10:42,64,10,88.0
AID09151,2026/6/6 10:42,64,22,82.66666666666667
AID09152,2026/6/6 10:42,64,21,77.66666666666667
AID09153,2026/6/6 10:42,64,16,74.66666666666667
AID09154,2026/6/6 10:42,64,9,83.66666666666667
AID09155,2026/6/6 10:42,64,15,85.0
AID09156,2026/6/6 10:42,64,22,67.33333333333333
AID09157,2026/6/6 10:42,64,21,65.33333333333333
AID09201,2026/6/6 10:42,64,3,50.666666666666664
AID09202,2026/6/6 10:42,64,8,78.5
AID09203,2026/6/6 10:42,64,12,72.5
AID09204,2026/6/6 10:42,64,2,76.5
AID09205,2026/6/6 10:42,64,2,71.5
AID09206,2026/6/6 10:42,64,5,79.33333333333333
AID09207,2026/6/6 10:42,64,4,79.0
AID09208,2026/6/6 10:42,64,3,69.0
AID09251,2026/6/6 10:42,64,10,60.0
AID09252,2026/6/6 10:42,64,12,84.33333333333333
AID09253,2026/6/6 10:42,64,14,75.66666666666667
AID09254,2026/6/6 10:42,64,13,74.33333333333333
AID09255,2026/6/6 10:42,64,11,75.33333333333333
AID09256,2026/6/6 10:42,64,13,78.66666666666667
AID09257,2026/6/6 10:42,64,14,67.0
AID09258,2026/6/6 10:42,64,18,78.0
AID10101,2026/6/6 10:42,64,4,71.0
AID10102,2026/6/6 10:42,64,7,67.66666666666667
AID10103,2026/6/6 10:42,64,3,70.5
AID10104,2026/6/6 10:42,64,8,68.0
AID10105,2026/6/6 10:42,64,5,81.0
AID10106,2026/6/6 10:42,64,8,83.0
AID10107,2026/6/6 10:42,64,9,87.33333333333333
AID10108,2026/6/6 10:42,64,12,92.33333333333333
AID10109,2026/6/6 10:42,64,14,79.33333333333333
AID10110,2026/6/6 10:42,64,7,94.33333333333333
AID10111,2026/6/6 10:42,64,7,80.33333333333333
AID10112,2026/6/6 10:42,64,7,82.0
AID10113,2026/6/6 10:42,64,16,84.0
AID10114,2026/6/6 10:42,64,10,82.0
AID10115,2026/6/6 10:42,64,10,99.33333333333333
AID10116,2026/6/6 10:42,64,10,97.33333333333333
AID10117,2026/6/6 10:42,64,14,80.33333333333333
AID10118,2026/6/6 10:42,64,10,92.33333333333333
AID10119,2026/6/6 10:42,64,7,102.33333333333333
AID10120,2026/6/6 10:42,64,5,80.66666666666667
AID10201,2026/6/6 10:42,64,5,92.33333333333333
AID10202,2026/6/6 10:42,64,8,93.33333333333333
AID10203,2026/6/6 10:42,64,10,93.66666666666667
AID10204,2026/6/6 10:42,64,3,85.33333333333333
AID10205,2026/6/6 10:42,64,5,91.0
AID10206,2026/6/6 10:42,64,8,92.0
AID10207,2026/6/6 10:42,64,4,93.66666666666667
AID10208,2026/6/6 10:42,64,8,83.0
AID10209,2026/6/6 10:42,64,2,79.33333333333333
AID10210,2026/6/6 10:42,64,1,82.33333333333333
AID10211,2026/6/6 10:42,64,4,77.66666666666667
AID10212,2026/6/6 10:42,64,5,87.0
AID10213,2026/6/6 10:42,64,3,78.66666666666667
AID10214,2026/6/6 10:42,64,6,82.66666666666667
AID10215,2026/6/6 10:42,64,6,78.0
AID10216,2026/6/6 10:42,64,3,77.66666666666667
AID10217,2026/6/6 10:42,64,5,75.0
AID10218,2026/6/6 10:42,64,3,78.5
AID90009,2026/6/6 10:42,64,20,36.666666666666664
TDS10001,2026/6/6 10:42,64,12,63.0
TDS10002,2026/6/6 10:42,64,8,53.0
TDS10003,2026/6/6 10:42,64,5,68.5
TDS10004,2026/6/6 10:42,64,7,71.33333333333333
TDS10005,2026/6/6 10:42,64,9,65.0
TDS10006,2026/6/6 10:42,64,4,51.5
TDS10007,2026/6/6 10:42,64,19,39.5
TDS10008,2026/6/6 10:42,64,15,45.5
TDS10009,2026/6/6 10:42,64,17,75.66666666666667
TDS10010,2026/6/6 10:42,64,12,61.0
TDS10011,2026/6/6 10:42,64,15,63.0
TDS10012,2026/6/6 10:42,64,6,89.33333333333333
TDS10013,2026/6/6 10:42,64,28,52.333333333333336
TDS20001,2026/6/6 10:42,64,9,61.0
TDS20002,2026/6/6 10:42,64,12,70.0
TDS20003,2026/6/6 10:42,64,28,65.0
TDS20004,2026/6/6 10:42,64,23,68.33333333333333
TDS20005,2026/6/6 10:42,64,27,73.66666666666667
TDS20006,2026/6/6 10:42,64,40,62.333333333333336
TDS20007,2026/6/6 10:42,64,9,59.0
TDS20008,2026/6/6 10:42,64,15,56.0
TDS20009,2026/6/6 10:42,64,16,71.5
TDS90001,2026/6/6 10:42,64,34,62.5
TDS90002,2026/6/6 10:42,64,20,77.25
TDS90003,2026/6/6 10:42,64,16,61.333333333333336
TDS90005,2026/6/6 10:42,64,22,62.666666666666664
TDS90016,2026/6/6 10:42,64,14,56.0
TDS90017,2026/6/6 10:42,64,11,79.33333333333333
TDS90018,2026/6/6 10:42,64,18,156.66666666666666
TDS90019,2026/6/6 10:42,64,17,62.0
TDS90020,2026/6/6 10:42,64,11,71.33333333333333
TDS90021,2026/6/6 10:42,64,20,65.0
TDS90022,2026/6/6 10:42,64,5,65.66666666666667
TDS90023,2026/6/6 10:42,64,24,62.5
TDS90024,2026/6/6 10:42,64,38,68.66666666666667
TDS90025,2026/6/6 10:42,64,29,56.333333333333336
TDS90027,2026/6/6 10:42,64,16,94.33333333333333
TDS90028,2026/6/6 10:42,64,20,75.33333333333333
TDS90029,2026/6/6 10:42,64,36,69.66666666666667
TDS90030,2026/6/6 10:42,64,25,70.0
TDS90031,2026/6/6 10:42,64,18,68.66666666666667
TDS90033,2026/6/6 10:42,64,23,79.0
TDS90034,2026/6/6 10:42,64,15,76.0
TDS90035,2026/6/6 10:42,64,15,101.0
TDS90036,2026/6/6 10:42,64,18,70.25
TDS90037,2026/6/6 10:42,64,19,74.66666666666667
TDS90039,2026/6/6 10:42,64,19,84.33333333333333
TDS90040,2026/6/6 10:42,64,23,62.333333333333336
TDS90041,2026/6/6 10:42,64,28,77.0
TDS90042,2026/6/6 10:42,64,20,67.66666666666667
TDS90043,2026/6/6 10:42,64,15,71.0
TDS90044,2026/6/6 10:42,64,15,70.0
TDS90045,2026/6/6 10:42,64,21,63.666666666666664
TDS90046,2026/6/6 10:42,64,21,68.66666666666667
TDS90055,2026/6/6 10:42,64,20,70.0
TDS90056,2026/6/6 10:42,64,22,69.66666666666667
TDS90071,2026/6/6 10:42,64,27,64.0
TDS90072,2026/6/6 10:42,64,30,83.0
TDS90073,2026/6/6 10:42,64,20,51.666666666666664
TDS90074,2026/6/6 10:42,64,25,77.66666666666667
TDS90075,2026/6/6 10:42,64,25,63.666666666666664
TDS90076,2026/6/6 10:42,64,20,80.66666666666667
TDS90077,2026/6/6 10:42,64,26,70.0
TDS90078,2026/6/6 10:42,64,19,77.66666666666667
TDS90079,2026/6/6 10:42,64,28,75.66666666666667
TDS90080,2026/6/6 10:42,64,28,79.0
TDS90081,2026/6/6 10:42,64,15,88.66666666666667
TDS90082,2026/6/6 10:42,64,29,85.0
TDS90083,2026/6/6 10:42,64,23,73.0
TDS90084,2026/6/6 10:42,64,40,81.33333333333333
TDS90085,2026/6/6 10:42,64,18,104.66666666666667
TDS90086,2026/6/6 10:42,64,15,88.66666666666667
TDS90087,2026/6/6 10:42,64,20,93.33333333333333
TDS90088,2026/6/6 10:42,64,14,56.666666666666664
TDS90089,2026/6/6 10:42,64,15,76.25
TDS90090,2026/6/6 10:42,64,19,69.66666666666667
TDS90091,2026/6/6 10:42,64,18,69.0
TDS90092,2026/6/6 10:42,64,14,64.0
TDS91001,2026/6/6 10:42,64,23,66.66666666666667
TDS91002,2026/6/6 10:42,64,22,64.66666666666667
TDS91003,2026/6/6 10:42,64,21,68.66666666666667
TDS91004,2026/6/6 10:42,64,10,63.0
TDS91005,2026/6/6 10:42,64,18,66.0
TDS91006,2026/6/6 10:42,64,17,46.5
TDS91007,2026/6/6 10:42,64,13,61.0
TDS91008,2026/6/6 10:42,64,12,75.33333333333333
TDS91009,2026/6/6 10:42,64,41,57.25
TDS91010,2026/6/6 10:42,64,41,80.5
TDS91013,2026/6/6 10:42,64,36,60.333333333333336
TDS91015,2026/6/6 10:42,64,25,61.333333333333336
TDS91016,2026/6/6 10:42,64,34,83.75
TDS91017,2026/6/6 10:42,64,25,70.5
TDS91018,2026/6/6 10:42,64,17,72.25
TDS91019,2026/6/6 10:42,64,11,76.5
TDS91020,2026/6/6 10:42,64,28,72.0
TDS91021,2026/6/6 10:42,64,23,62.666666666666664
TDS91022,2026/6/6 10:42,64,27,69.0
TDS91024,2026/6/6 10:42,64,37,74.75
TDS91025,2026/6/6 10:42,64,31,85.25
TDS91026,2026/6/6 10:42,64,24,71.66666666666667
TDS91027,2026/6/6 10:42,64,28,64.0
TDS91028,2026/6/6 10:42,64,30,65.0
TDS91030,2026/6/6 10:42,64,26,83.75
TDS91031,2026/6/6 10:42,64,17,80.5
TDS91032,2026/6/6 10:42,64,4,67.5
TDS91035,2026/6/6 10:42,64,40,54.0
TDS91062,2026/6/6 10:42,64,12,83.66666666666667
TDS91064,2026/6/6 10:42,64,17,76.33333333333333
TDS91065,2026/6/6 10:42,64,20,96.33333333333333
TDS91066,2026/6/6 10:42,64,17,90.0
TDS91067,2026/6/6 10:42,64,20,79.66666666666667
TDS91068,2026/6/6 10:42,64,22,70.66666666666667
TDS91069,2026/6/6 10:42,64,21,70.66666666666667
TDS91070,2026/6/6 10:42,64,19,76.0
TDS91071,2026/6/6 10:42,64,11,82.33333333333333
TDS91072,2026/6/6 10:42,64,9,76.0
TDS91073,2026/6/6 10:42,64,9,77.33333333333333
TDS91074,2026/6/6 10:42,64,18,79.25
TDS91075,2026/6/6 10:42,64,21,68.66666666666667
TDS91076,2026/6/6 10:42,64,22,82.66666666666667
TDS91077,2026/6/6 10:42,64,21,82.0
TDSJCR10001,2026/6/6 10:42,64,1,64.0
TDSJCR20001,2026/6/6 10:42,64,1,68.5
TDSMOSB10002,2026/6/6 10:42,64,7,69.0
TDSMOSB10003,2026/6/6 10:42,64,11,78.0
TDSMOSB10004,2026/6/6 10:42,64,3,73.5
TDSMOSB10005,2026/6/6 10:42,64,2,77.0
TDSMOSB20001,2026/6/6 10:42,64,9,82.0
TDSMOSB20002,2026/6/6 10:42,64,11,72.5
TDSMOSB20004,2026/6/6 10:42,64,5,63.333333333333336
TDSMOSB20005,2026/6/6 10:42,64,6,63.666666666666664
TDSMOSB20006,2026/6/6 10:42,64,7,114.33333333333333
TDSMOSR10001,2026/6/6 10:42,64,20,68.0
TDSMOSR20001,2026/6/6 10:42,64,21,73.0
TDSPERE20002,2026/6/6 10:42,64,11,78.5
TDSTCKR10001,2026/6/6 10:42,64,2,44.0
TDSTKR10001,2026/6/6 10:42,64,7,67.5
TDSTKR10002,2026/6/6 10:42,64,3,59.0
TDSTKR10003,2026/6/6 10:42,64,2,74.5
TDSTKR10004,2026/6/6 10:42,64,14,63.5
TDSTKR10005,2026/6/6 10:42,64,1,71.5
TDSTKR20001,2026/6/6 10:42,64,0,70.0
TDSTKR20002,2026/6/6 10:42,64,2,57.0
TDSTKR20003,2026/6/6 10:42,64,8,42.0
TDSTKR20004,2026/6/6 10:42,64,4,101.5
TDSTKR20005,2026/6/6 10:42,64,2,82.0
TDSTKR20008,2026/6/6 10:42,64,3,51.5
TDSTKR20009,2026/6/6 10:42,64,5,65.5
TDSTPR10001,2026/6/6 10:42,64,8,31.5
TDSTPR10002,2026/6/6 10:42,64,2,66.5
TDSTPR10003,2026/6/6 10:42,64,4,25.0
TDSTPR10007,2026/6/6 10:42,64,3,44.0
TDSTPR20001,2026/6/6 10:42,64,0,50.0
TDSTPR20003,2026/6/6 10:42,64,0,50.0
TDSTPR20005,2026/6/6 10:42,64,1,39.0
TDSTPR20007,2026/6/6 10:42,64,3,37.0
TDSTPTWR10001,2026/6/6 10:42,64,13,49.0
TDSTPTWR10002,2026/6/6 10:42,64,9,44.333333333333336
TDSTPTWR20001,2026/6/6 10:42,64,1,64.33333333333333
TDSTPTWR20002,2026/6/6 10:42,64,8,40.666666666666664
TDSYSR10001,2026/6/6 10:42,64,8,59.0
TDSYSR10002,2026/6/6 10:42,64,1,75.0
TDSYSR10003,2026/6/6 10:42,64,5,70.0
TDSYSR20001,2026/6/6 10:42,64,1,65.5
TDSYSR20002,2026/6/6 10:42,64,3,44.0
TDSYSR20003,2026/6/6 10:42,64,0,70.0
AID01101,2026/6/6 10:42,64,12,47.666666666666664
AID01102,2026/6/6 10:42,64,19,55.333333333333336
AID01103,2026/6/6 10:42,64,13,57.0
AID01104,2026/6/6 10:42,64,8,53.5
AID01106,2026/6/6 10:42,64,10,35.5
AID01107,2026/6/6 10:42,64,14,35.5
AID01108,2026/6/6 10:42,64,6,57.0
AID01110,2026/6/6 10:42,64,27,36.333333333333336
AID01113,2026/6/6 10:42,64,13,49.0
AID01114,2026/6/6 10:42,64,12,59.0
AID01115,2026/6/6 10:42,64,12,47.666666666666664
AID01116,2026/6/6 10:42,64,9,56.5
AID01117,2026/6/6 10:42,64,9,58.25
AID01118,2026/6/6 10:42,64,12,22.333333333333332
AID01120,2026/6/6 10:42,64,19,46.0
AID01121,2026/6/6 10:42,64,8,65.0
AID01122,2026/6/6 10:42,64,7,56.5
AID01123,2026/6/6 10:42,64,21,35.0
AID01124,2026/6/6 10:42,64,22,59.0
AID01125,2026/6/6 10:42,64,16,61.5
AID01126,2026/6/6 10:42,64,11,67.0
AID01127,2026/6/6 10:42,64,6,68.5
AID01128,2026/6/6 10:42,64,12,70.5
AID01129,2026/6/6 10:42,64,12,66.0
AID01132,2026/6/6 10:42,64,7,73.66666666666667
AID01133,2026/6/6 10:42,64,10,72.0
AID01134,2026/6/6 10:42,64,6,73.5
AID01135,2026/6/6 10:42,64,6,72.0
AID01136,2026/6/6 10:42,64,6,67.5
AID01201,2026/6/6 10:42,64,20,43.5
AID01202,2026/6/6 10:42,64,7,46.0
AID01203,2026/6/6 10:42,64,12,52.5
AID01204,2026/6/6 10:42,64,10,14.333333333333334
AID01205,2026/6/6 10:42,64,3,39.333333333333336
AID01206,2026/6/6 10:42,64,19,21.0
AID01207,2026/6/6 10:42,64,27,50.75
AID01208,2026/6/6 10:42,64,19,44.0
AID01209,2026/6/6 10:42,64,27,43.333333333333336
AID01210,2026/6/6 10:42,64,11,50.666666666666664
AID01211,2026/6/6 10:42,64,21,49.666666666666664
AID01212,2026/6/6 10:42,64,10,67.0
AID01214,2026/6/6 10:42,64,24,22.666666666666668
AID01215,2026/6/6 10:42,64,10,46.5
AID01216,2026/6/6 10:42,64,4,59.5
AID01217,2026/6/6 10:42,64,13,68.25
AID01218,2026/6/6 10:42,64,9,61.0
AID01219,2026/6/6 10:42,64,10,70.5
AID01221,2026/6/6 10:42,64,18,43.333333333333336
AID01222,2026/6/6 10:42,64,10,40.666666666666664
AID01223,2026/6/6 10:42,64,11,56.0
AID02104,2026/6/6 10:42,64,4,77.0
AID02105,2026/6/6 10:42,64,3,77.5
AID02106,2026/6/6 10:42,64,21,57.0
AID02107,2026/6/6 10:42,64,25,68.0
AID02108,2026/6/6 10:42,64,23,41.666666666666664
AID02109,2026/6/6 10:42,64,24,20.666666666666668
AID02110,2026/6/6 10:42,64,27,32.0
AID02111,2026/6/6 10:42,64,18,28.333333333333332
AID02112,2026/6/6 10:42,64,11,64.5
AID02113,2026/6/6 10:42,64,8,75.0
AID02114,2026/6/6 10:42,64,11,65.0
AID02115,2026/6/6 10:42,64,12,62.0
AID02116,2026/6/6 10:42,64,7,66.0
AID02117,2026/6/6 10:42,64,8,77.0
AID02118,2026/6/6 10:42,64,13,68.6
AID02119,2026/6/6 10:42,64,13,64.0
AID02120,2026/6/6 10:42,64,11,71.25
AID02121,2026/6/6 10:42,64,10,74.0
AID02122,2026/6/6 10:42,64,8,74.66666666666667
AID02123,2026/6/6 10:42,64,19,80.0
AID02124,2026/6/6 10:42,64,6,70.5
AID02125,2026/6/6 10:42,64,9,68.0
AID02126,2026/6/6 10:42,64,12,77.0
AID02127,2026/6/6 10:42,64,18,75.0
AID02202,2026/6/6 10:42,64,11,69.5
AID02203,2026/6/6 10:42,64,11,57.5
AID02204,2026/6/6 10:42,64,18,51.5
AID02205,2026/6/6 10:42,64,15,69.5
AID02206,2026/6/6 10:42,64,11,70.0
AID02207,2026/6/6 10:42,64,13,62.0
AID02208,2026/6/6 10:42,64,20,55.333333333333336
AID02209,2026/6/6 10:42,64,26,61.666666666666664
AID02210,2026/6/6 10:42,64,28,44.666666666666664
AID02211,2026/6/6 10:42,64,27,47.0
AID02212,2026/6/6 10:42,64,17,64.0
AID02213,2026/6/6 10:42,64,12,66.0
AID02214,2026/6/6 10:42,64,22,54.5
AID02215,2026/6/6 10:42,64,9,60.0
AID03101,2026/6/6 10:42,64,10,61.0
AID03102,2026/6/6 10:42,64,5,38.0
AID03103,2026/6/6 10:42,64,9,70.5
AID03104,2026/6/6 10:42,64,2,46.0
AID03106,2026/6/6 10:42,64,16,85.33333333333333
AID03107,2026/6/6 10:42,64,12,84.0
AID03108,2026/6/6 10:42,64,18,62.666666666666664
AID03109,2026/6/6 10:42,64,19,76.0
AID03110,2026/6/6 10:42,64,25,78.66666666666667
AID03111,2026/6/6 10:42,64,23,74.0
AID03112,2026/6/6 10:42,64,21,75.33333333333333
AID03113,2026/6/6 10:42,64,15,73.66666666666667
AID03114,2026/6/6 10:42,64,14,87.0
AID03115,2026/6/6 10:42,64,7,90.33333333333333
AID03116,2026/6/6 10:42,64,7,78.33333333333333
AID03117,2026/6/6 10:42,64,3,92.33333333333333
AID03118,2026/6/6 10:42,64,19,95.0
AID03119,2026/6/6 10:42,64,15,102.33333333333333
AID03120,2026/6/6 10:42,64,14,84.0
AID03121,2026/6/6 10:42,64,17,83.0
AID03122,2026/6/6 10:42,64,12,98.0
AID03123,2026/6/6 10:42,64,7,95.66666666666667
AID03124,2026/6/6 10:42,64,4,98.5
AID03125,2026/6/6 10:42,64,3,109.5
AID03201,2026/6/6 10:42,64,16,70.66666666666667
AID03202,2026/6/6 10:42,64,39,66.5
AID03203,2026/6/6 10:42,64,21,69.0
AID03204,2026/6/6 10:42,64,32,68.0
AID03205,2026/6/6 10:42,64,31,44.666666666666664
AID03206,2026/6/6 10:42,64,26,33.666666666666664
AID03207,2026/6/6 10:42,64,28,45.0
AID03208,2026/6/6 10:42,64,26,53.666666666666664
AID03209,2026/6/6 10:42,64,28,56.666666666666664
AID03210,2026/6/6 10:42,64,12,80.0
AID03211,2026/6/6 10:42,64,24,63.25
AID04101,2026/6/6 10:42,64,8,51.666666666666664
AID04102,2026/6/6 10:42,64,6,65.5
AID04103,2026/6/6 10:42,64,8,65.0
AID04104,2026/6/6 10:42,64,17,68.0
AID04105,2026/6/6 10:42,64,29,56.333333333333336
AID04106,2026/6/6 10:42,64,16,50.0
AID04107,2026/6/6 10:42,64,13,64.66666666666667
AID04108,2026/6/6 10:42,64,16,61.5
AID04109,2026/6/6 10:42,64,14,56.0
AID04110,2026/6/6 10:42,64,17,56.2
AID04111,2026/6/6 10:42,64,10,53.0
AID04112,2026/6/6 10:42,64,12,66.0
AID04113,2026/6/6 10:42,64,12,66.66666666666667
AID04114,2026/6/6 10:42,64,15,65.66666666666667
AID04115,2026/6/6 10:42,64,10,58.5
AID04116,2026/6/6 10:42,64,11,51.0
AID04117,2026/6/6 10:42,64,10,44.5
AID04118,2026/6/6 10:42,64,9,66.0
AID04119,2026/6/6 10:42,64,0,70.0
AID04120,2026/6/6 10:42,64,3,65.5
AID04121,2026/6/6 10:42,64,4,71.0
AID04122,2026/6/6 10:42,64,13,64.33333333333333
AID04201,2026/6/6 10:42,64,0,50.0
AID04202,2026/6/6 10:42,64,2,60.5
AID04203,2026/6/6 10:42,64,3,68.33333333333333
AID04204,2026/6/6 10:42,64,15,44.5
AID04205,2026/6/6 10:42,64,14,40.0
AID04206,2026/6/6 10:42,64,21,50.0
AID04207,2026/6/6 10:42,64,12,53.0
AID04208,2026/6/6 10:42,64,9,53.666666666666664
AID04209,2026/6/6 10:42,64,13,53.333333333333336
AID04210,2026/6/6 10:42,64,17,55.0
AID04211,2026/6/6 10:42,64,9,64.5
AID04212,2026/6/6 10:42,64,27,50.166666666666664
AID04213,2026/6/6 10:42,64,25,47.666666666666664
AID04214,2026/6/6 10:42,64,27,56.6
AID04215,2026/6/6 10:42,64,44,48.5
AID04216,2026/6/6 10:42,64,31,40.666666666666664
AID04217,2026/6/6 10:42,64,27,38.666666666666664
AID04218,2026/6/6 10:42,64,25,56.0
AID04219,2026/6/6 10:42,64,13,53.666666666666664
AID04220,2026/6/6 10:42,64,7,78.0
AID04221,2026/6/6 10:42,64,9,68.0
AID04222,2026/6/6 10:42,64,3,54.0
AID05101,2026/6/6 10:42,64,5,53.5
AID05102,2026/6/6 10:42,64,0,70.0
AID05103,2026/6/6 10:42,64,9,53.0
AID05104,2026/6/6 10:42,64,17,52.0
AID05109,2026/6/6 10:42,64,12,48.25
AID05110,2026/6/6 10:42,64,11,50.0
AID05113,2026/6/6 10:42,64,0,50.0
AID05114,2026/6/6 10:42,64,9,55.25
AID05115,2026/6/6 10:42,64,15,53.5
AID05116,2026/6/6 10:42,64,8,54.0
AID05117,2026/6/6 10:42,64,16,63.0
AID05118,2026/6/6 10:42,64,4,63.0
AID05119,2026/6/6 10:42,64,17,55.0
AID05120,2026/6/6 10:42,64,14,56.0
AID05121,2026/6/6 10:42,64,12,49.5
AID05123,2026/6/6 10:42,64,12,62.0
AID05124,2026/6/6 10:42,64,14,70.33333333333333
AID05125,2026/6/6 10:42,64,22,68.4
AID05126,2026/6/6 10:42,64,15,59.333333333333336
AID05127,2026/6/6 10:42,64,9,54.0
AID05128,2026/6/6 10:42,64,21,43.333333333333336
AID05129,2026/6/6 10:42,64,24,51.333333333333336
AID05130,2026/6/6 10:42,64,24,60.0
AID05131,2026/6/6 10:42,64,12,71.0
AID05132,2026/6/6 10:42,64,18,63.0
AID05133,2026/6/6 10:42,64,13,77.0
AID05134,2026/6/6 10:42,64,15,70.5
AID05135,2026/6/6 10:42,64,6,77.0
AID05201,2026/6/6 10:42,64,20,68.66666666666667
AID05202,2026/6/6 10:42,64,14,76.0
AID05203,2026/6/6 10:42,64,19,70.0
AID05204,2026/6/6 10:42,64,18,67.66666666666667
AID05205,2026/6/6 10:42,64,18,66.0
AID05206,2026/6/6 10:42,64,26,57.333333333333336
AID05207,2026/6/6 10:42,64,31,54.0
AID05208,2026/6/6 10:42,64,36,32.75
AID05209,2026/6/6 10:42,64,46,49.5
AID05210,2026/6/6 10:42,64,25,59.6
AID05211,2026/6/6 10:42,64,25,58.0
AID05212,2026/6/6 10:42,64,27,54.666666666666664
AID05213,2026/6/6 10:42,64,14,52.333333333333336
AID05215,2026/6/6 10:42,64,15,51.0
AID05216,2026/6/6 10:42,64,22,50.5
AID05217,2026/6/6 10:42,64,18,55.0
AID05218,2026/6/6 10:42,64,11,61.666666666666664
AID05219,2026/6/6 10:42,64,12,47.0
AID05220,2026/6/6 10:42,64,14,47.5
AID05221,2026/6/6 10:42,64,7,59.0
AID05222,2026/6/6 10:42,64,10,49.333333333333336
AID05223,2026/6/6 10:42,64,5,4.0
AID05225,2026/6/6 10:42,64,10,42.0
AID05226,2026/6/6 10:42,64,23,44.0
AID05227,2026/6/6 10:42,64,23,44.25
AID05232,2026/6/6 10:42,64,12,39.5
AID05233,2026/6/6 10:42,64,7,58.333333333333336
AID05234,2026/6/6 10:42,64,8,37.333333333333336
AID05235,2026/6/6 10:42,64,1,61.0
AID07101,2026/6/6 10:42,64,4,33.0
AID07102,2026/6/6 10:42,64,5,42.0
AID07103,2026/6/6 10:42,64,5,70.5
AID07104,2026/6/6 10:42,64,19,52.666666666666664
AID07105,2026/6/6 10:42,64,14,14.5
AID07106,2026/6/6 10:42,64,25,24.333333333333332
AID07107,2026/6/6 10:42,64,23,35.333333333333336
AID07109,2026/6/6 10:42,64,21,36.75
AID07110,2026/6/6 10:42,64,5,48.0
AID07111,2026/6/6 10:42,64,13,44.333333333333336
AID07112,2026/6/6 10:42,64,7,43.0
AID07113,2026/6/6 10:42,64,18,51.0
AID07114,2026/6/6 10:42,64,26,49.0
AID07115,2026/6/6 10:42,64,11,45.5
AID07116,2026/6/6 10:42,64,19,42.75
AID07117,2026/6/6 10:42,64,8,42.0
AID07118,2026/6/6 10:42,64,17,57.333333333333336
AID07119,2026/6/6 10:42,64,15,65.66666666666667
AID07120,2026/6/6 10:42,64,20,45.666666666666664
AID07121,2026/6/6 10:42,64,19,45.0
AID07122,2026/6/6 10:42,64,10,53.666666666666664
AID07123,2026/6/6 10:42,64,22,52.666666666666664
AID07124,2026/6/6 10:42,64,9,50.0
AID07125,2026/6/6 10:42,64,13,48.5
AID07126,2026/6/6 10:42,64,13,62.5
AID07127,2026/6/6 10:42,64,7,61.0
AID07128,2026/6/6 10:42,64,13,40.0
AID07129,2026/6/6 10:42,64,26,56.333333333333336
AID07130,2026/6/6 10:42,64,27,61.333333333333336
AID07131,2026/6/6 10:42,64,18,42.666666666666664
AID07132,2026/6/6 10:42,64,7,59.333333333333336
AID07133,2026/6/6 10:42,64,9,61.333333333333336
AID07134,2026/6/6 10:42,64,3,41.5
AID07201,2026/6/6 10:42,64,17,58.0
AID07202,2026/6/6 10:42,64,20,62.666666666666664
AID07203,2026/6/6 10:42,64,23,55.666666666666664
AID07204,2026/6/6 10:42,64,21,67.66666666666667
AID07205,2026/6/6 10:42,64,13,64.75
AID07206,2026/6/6 10:42,64,6,50.0
AID07207,2026/6/6 10:42,64,12,60.666666666666664
AID07208,2026/6/6 10:42,64,8,65.66666666666667
AID07209,2026/6/6 10:42,64,13,55.5
AID07210,2026/6/6 10:42,64,13,49.333333333333336
AID07211,2026/6/6 10:42,64,18,58.0
AID07212,2026/6/6 10:42,64,23,44.666666666666664
AID07213,2026/6/6 10:42,64,25,46.333333333333336
AID07214,2026/6/6 10:42,64,30,46.0
AID07215,2026/6/6 10:42,64,16,49.333333333333336
AID07216,2026/6/6 10:42,64,7,59.333333333333336
AID07217,2026/6/6 10:42,64,21,46.666666666666664
AID07218,2026/6/6 10:42,64,22,47.25
AID07219,2026/6/6 10:42,64,20,53.333333333333336
AID07220,2026/6/6 10:42,64,12,54.0
AID07221,2026/6/6 10:42,64,20,50.666666666666664
AID07222,2026/6/6 10:42,64,14,36.0
AID07223,2026/6/6 10:42,64,16,36.333333333333336
AID07224,2026/6/6 10:42,64,24,42.25
AID07225,2026/6/6 10:42,64,15,31.333333333333332
AID07226,2026/6/6 10:42,64,3,45.5
AID07227,2026/6/6 10:42,64,8,45.5
AID07228,2026/6/6 10:42,64,25,44.333333333333336
AID07229,2026/6/6 10:42,64,20,50.0
AID07230,2026/6/6 10:42,64,12,59.5
AID07231,2026/6/6 10:42,64,8,65.5
AID07232,2026/6/6 10:42,64,10,43.5
AID08101,2026/6/6 10:42,64,17,76.66666666666667
AID08102,2026/6/6 10:42,64,19,101.0
AID08103,2026/6/6 10:42,64,24,76.66666666666667
AID08104,2026/6/6 10:42,64,25,94.66666666666667
AID08105,2026/6/6 10:42,64,17,78.66666666666667
AID08106,2026/6/6 10:42,64,21,65.66666666666667
AID08107,2026/6/6 10:42,64,25,42.666666666666664
AID08108,2026/6/6 10:42,64,2,101.66666666666667
AID08109,2026/6/6 10:42,64,8,91.0
AID08110,2026/6/6 10:42,64,28,84.33333333333333
AID08111,2026/6/6 10:42,64,22,81.66666666666667
AID08112,2026/6/6 10:42,64,12,88.0
AID08113,2026/6/6 10:42,64,12,98.66666666666667
AID08114,2026/6/6 10:42,64,10,91.0
AID08115,2026/6/6 10:42,64,7,83.33333333333333
AID08116,2026/6/6 10:42,64,13,98.0
AID08117,2026/6/6 10:42,64,17,80.0
AID08118,2026/6/6 10:42,64,17,88.33333333333333
AID08119,2026/6/6 10:42,64,17,88.33333333333333
AID08120,2026/6/6 10:42,64,12,96.0
AID08121,2026/6/6 10:42,64,6,95.33333333333333
AID08122,2026/6/6 10:42,64,11,90.0
AID08201,2026/6/6 10:42,64,5,79.66666666666667
AID08202,2026/6/6 10:42,64,2,101.66666666666667
AID08203,2026/6/6 10:42,64,4,89.0
AID08204,2026/6/6 10:42,64,5,81.33333333333333
AID08205,2026/6/6 10:42,64,20,76.66666666666667
AID08206,2026/6/6 10:42,64,23,81.66666666666667
AID08207,2026/6/6 10:42,64,13,94.33333333333333
AID08208,2026/6/6 10:42,64,8,95.0
AID08209,2026/6/6 10:42,64,8,86.33333333333333
AID08210,2026/6/6 10:42,64,9,88.0
AID08211,2026/6/6 10:42,64,10,97.33333333333333
AID08212,2026/6/6 10:42,64,8,82.66666666666667
AID08213,2026/6/6 10:42,64,6,104.0
AID08214,2026/6/6 10:42,64,19,88.33333333333333
AID08215,2026/6/6 10:42,64,15,90.33333333333333
AID08216,2026/6/6 10:42,64,15,88.66666666666667
AID08217,2026/6/6 10:42,64,20,85.0
AID08218,2026/6/6 10:42,64,24,82.66666666666667
AID08219,2026/6/6 10:42,64,19,91.33333333333333
AID08220,2026/6/6 10:42,64,8,93.33333333333333
AID08221,2026/6/6 10:42,64,10,91.33333333333333
AID08222,2026/6/6 10:42,64,16,79.33333333333333
AID08223,2026/6/6 10:42,64,20,93.0
AID09101,2026/6/6 10:42,64,4,69.5
AID09102,2026/6/6 10:42,64,7,62.666666666666664
AID09103,2026/6/6 10:42,64,8,63.333333333333336
AID09104,2026/6/6 10:42,64,3,69.5
AID09105,2026/6/6 10:42,64,3,74.0
AID09106,2026/6/6 10:42,64,7,68.0
AID09107,2026/6/6 10:42,64,7,70.0
AID09108,2026/6/6 10:42,64,15,65.0
AID09109,2026/6/6 10:42,64,7,59.75
AID09110,2026/6/6 10:42,64,12,61.5
AID09111,2026/6/6 10:42,64,16,72.5
AID09112,2026/6/6 10:42,64,7,63.0
AID09113,2026/6/6 10:42,64,11,52.0
AID09114,2026/6/6 10:42,64,14,59.333333333333336
AID09116,2026/6/6 10:42,64,16,48.5
AID09118,2026/6/6 10:42,64,14,63.5
AID09120,2026/6/6 10:42,64,20,67.66666666666667
AID09121,2026/6/6 10:42,64,19,68.0
AID09122,2026/6/6 10:42,64,16,66.66666666666667
AID09123,2026/6/6 10:42,64,21,82.0
AID09151,2026/6/6 10:42,64,16,89.0
AID09152,2026/6/6 10:42,64,21,81.33333333333333
AID09153,2026/6/6 10:42,64,15,83.0
AID09154,2026/6/6 10:42,64,12,85.0
AID09155,2026/6/6 10:42,64,16,87.66666666666667
AID09156,2026/6/6 10:42,64,18,74.0
AID09157,2026/6/6 10:42,64,20,71.66666666666667
AID09201,2026/6/6 10:42,64,13,70.66666666666667
AID09202,2026/6/6 10:42,64,9,80.0
AID09203,2026/6/6 10:42,64,6,77.0
AID09204,2026/6/6 10:42,64,5,59.5
AID09205,2026/6/6 10:42,64,2,69.5
AID09206,2026/6/6 10:42,64,13,88.33333333333333
AID09207,2026/6/6 10:42,64,2,77.5
AID09208,2026/6/6 10:42,64,5,68.5
AID09251,2026/6/6 10:42,64,18,59.333333333333336
AID09252,2026/6/6 10:42,64,11,78.33333333333333
AID09253,2026/6/6 10:42,64,15,87.0
AID09254,2026/6/6 10:42,64,14,84.66666666666667
AID09255,2026/6/6 10:42,64,13,77.66666666666667
AID09256,2026/6/6 10:42,64,15,77.66666666666667
AID09257,2026/6/6 10:42,64,14,95.66666666666667
AID09258,2026/6/6 10:42,64,19,75.0
AID10101,2026/6/6 10:42,64,7,60.0
AID10102,2026/6/6 10:42,64,6,76.0
AID10103,2026/6/6 10:42,64,2,78.0
AID10104,2026/6/6 10:42,64,5,64.0
AID10105,2026/6/6 10:42,64,7,83.0
AID10106,2026/6/6 10:42,64,5,83.33333333333333
AID10107,2026/6/6 10:42,64,9,86.0
AID10108,2026/6/6 10:42,64,11,88.66666666666667
AID10109,2026/6/6 10:42,64,8,78.66666666666667
AID10110,2026/6/6 10:42,64,12,87.66666666666667
AID10111,2026/6/6 10:42,64,7,94.33333333333333
AID10112,2026/6/6 10:42,64,8,88.66666666666667
AID10113,2026/6/6 10:42,64,6,89.66666666666667
AID10114,2026/6/6 10:42,64,11,73.66666666666667
AID10115,2026/6/6 10:42,64,13,90.66666666666667
AID10116,2026/6/6 10:42,64,10,103.33333333333333
AID10117,2026/6/6 10:42,64,13,88.33333333333333
AID10118,2026/6/6 10:42,64,11,87.66666666666667
AID10119,2026/6/6 10:42,64,9,97.33333333333333
AID10120,2026/6/6 10:42,64,3,84.33333333333333
AID10201,2026/6/6 10:42,64,5,103.66666666666667
AID10202,2026/6/6 10:42,64,6,105.66666666666667
AID10203,2026/6/6 10:42,64,5,91.33333333333333
AID10204,2026/6/6 10:42,64,10,85.0
AID10205,2026/6/6 10:42,64,6,101.33333333333333
AID10206,2026/6/6 10:42,64,7,93.33333333333333
AID10207,2026/6/6 10:42,64,4,91.33333333333333
AID10208,2026/6/6 10:42,64,6,84.33333333333333
AID10209,2026/6/6 10:42,64,5,81.66666666666667
AID10210,2026/6/6 10:42,64,4,80.66666666666667
AID10211,2026/6/6 10:42,64,2,83.0
AID10212,2026/6/6 10:42,64,2,78.66666666666667
AID10213,2026/6/6 10:42,64,6,83.0
AID10214,2026/6/6 10:42,64,4,78.66666666666667
AID10215,2026/6/6 10:42,64,4,83.0
AID10216,2026/6/6 10:42,64,6,76.0
AID10217,2026/6/6 10:42,64,5,75.33333333333333
AID10218,2026/6/6 10:42,64,1,77.0
AID90009,2026/6/6 10:42,64,26,36.333333333333336
TDS10001,2026/6/6 10:42,64,18,49.333333333333336
TDS10002,2026/6/6 10:42,64,6,49.5
TDS10003,2026/6/6 10:42,64,13,61.0
TDS10004,2026/6/6 10:42,64,8,67.66666666666667
TDS10005,2026/6/6 10:42,64,3,77.0
TDS10006,2026/6/6 10:42,64,5,64.0
TDS10007,2026/6/6 10:42,64,25,39.5
TDS10008,2026/6/6 10:42,64,15,38.5
TDS10009,2026/6/6 10:42,64,9,79.33333333333333
TDS10010,2026/6/6 10:42,64,9,66.5
TDS10011,2026/6/6 10:42,64,24,42.0
TDS10012,2026/6/6 10:42,64,2,80.0
TDS10013,2026/6/6 10:42,64,42,68.0
TDS20001,2026/6/6 10:42,64,16,69.0
TDS20002,2026/6/6 10:42,64,13,64.0
TDS20003,2026/6/6 10:42,64,26,60.0
TDS20004,2026/6/6 10:42,64,21,71.0
TDS20005,2026/6/6 10:42,64,31,74.66666666666667
TDS20006,2026/6/6 10:42,64,31,66.66666666666667
TDS20007,2026/6/6 10:42,64,14,56.5
TDS20008,2026/6/6 10:42,64,16,59.0
TDS20009,2026/6/6 10:42,64,13,74.5
TDS90001,2026/6/6 10:42,64,22,63.0
TDS90002,2026/6/6 10:42,64,29,70.75
TDS90003,2026/6/6 10:42,64,18,64.66666666666667
TDS90005,2026/6/6 10:42,64,25,67.33333333333333
TDS90016,2026/6/6 10:42,64,12,56.0
TDS90017,2026/6/6 10:42,64,15,86.0
TDS90018,2026/6/6 10:42,64,26,194.33333333333334
TDS90019,2026/6/6 10:42,64,11,61.0
TDS90020,2026/6/6 10:42,64,15,67.33333333333333
TDS90021,2026/6/6 10:42,64,10,72.25
TDS90022,2026/6/6 10:42,64,16,64.33333333333333
TDS90023,2026/6/6 10:42,64,14,66.75
TDS90024,2026/6/6 10:42,64,24,75.33333333333333
TDS90025,2026/6/6 10:42,64,34,44.333333333333336
TDS90027,2026/6/6 10:42,64,14,93.0
TDS90028,2026/6/6 10:42,64,18,80.0
TDS90029,2026/6/6 10:42,64,20,68.66666666666667
TDS90030,2026/6/6 10:42,64,26,67.0
TDS90031,2026/6/6 10:42,64,34,69.0
TDS90033,2026/6/6 10:42,64,32,72.66666666666667
TDS90034,2026/6/6 10:42,64,15,69.0
TDS90035,2026/6/6 10:42,64,14,80.33333333333333
TDS90036,2026/6/6 10:42,64,14,82.75
TDS90037,2026/6/6 10:42,64,24,72.33333333333333
TDS90039,2026/6/6 10:42,64,17,92.0
TDS90040,2026/6/6 10:42,64,21,68.0
TDS90041,2026/6/6 10:42,64,21,81.66666666666667
TDS90042,2026/6/6 10:42,64,26,68.66666666666667
TDS90043,2026/6/6 10:42,64,20,73.33333333333333
TDS90044,2026/6/6 10:42,64,16,67.0
TDS90045,2026/6/6 10:42,64,17,64.66666666666667
TDS90046,2026/6/6 10:42,64,26,73.66666666666667
TDS90055,2026/6/6 10:42,64,25,64.33333333333333
TDS90056,2026/6/6 10:42,64,16,76.66666666666667
TDS90071,2026/6/6 10:42,64,14,69.0
TDS90072,2026/6/6 10:42,64,32,76.0
TDS90073,2026/6/6 10:42,64,28,50.666666666666664
TDS90074,2026/6/6 10:42,64,18,76.33333333333333
TDS90075,2026/6/6 10:42,64,22,64.33333333333333
TDS90076,2026/6/6 10:42,64,31,79.0
TDS90077,2026/6/6 10:42,64,16,82.33333333333333
TDS90078,2026/6/6 10:42,64,32,71.33333333333333
TDS90079,2026/6/6 10:42,64,22,73.0
TDS90080,2026/6/6 10:42,64,27,80.66666666666667
TDS90081,2026/6/6 10:42,64,26,78.33333333333333
TDS90082,2026/6/6 10:42,64,13,91.0
TDS90083,2026/6/6 10:42,64,16,78.0
TDS90084,2026/6/6 10:42,64,30,84.33333333333333
TDS90085,2026/6/6 10:42,64,32,74.0
TDS90086,2026/6/6 10:42,64,18,84.0
TDS90087,2026/6/6 10:42,64,16,114.33333333333333
TDS90088,2026/6/6 10:42,64,10,64.33333333333333
TDS90089,2026/6/6 10:42,64,28,74.75
TDS90090,2026/6/6 10:42,64,15,73.66666666666667
TDS90091,2026/6/6 10:42,64,19,68.33333333333333
TDS90092,2026/6/6 10:42,64,21,53.666666666666664
TDS91001,2026/6/6 10:42,64,19,61.666666666666664
TDS91002,2026/6/6 10:42,64,27,75.0
TDS91003,2026/6/6 10:42,64,9,67.33333333333333
TDS91004,2026/6/6 10:42,64,10,89.66666666666667
TDS91005,2026/6/6 10:42,64,16,61.333333333333336
TDS91006,2026/6/6 10:42,64,19,48.0
TDS91007,2026/6/6 10:42,64,14,59.666666666666664
TDS91008,2026/6/6 10:42,64,19,64.33333333333333
TDS91009,2026/6/6 10:42,64,32,58.0
TDS91010,2026/6/6 10:42,64,35,88.0
TDS91013,2026/6/6 10:42,64,17,90.66666666666667
TDS91015,2026/6/6 10:42,64,34,72.33333333333333
TDS91016,2026/6/6 10:42,64,26,80.25
TDS91017,2026/6/6 10:42,64,21,62.75
TDS91018,2026/6/6 10:42,64,9,78.75
TDS91019,2026/6/6 10:42,64,15,75.75
TDS91020,2026/6/6 10:42,64,29,77.5
TDS91021,2026/6/6 10:42,64,24,65.33333333333333
TDS91022,2026/6/6 10:42,64,19,65.66666666666667
TDS91024,2026/6/6 10:42,64,38,67.25
TDS91025,2026/6/6 10:42,64,24,82.75
TDS91026,2026/6/6 10:42,64,27,64.33333333333333
TDS91027,2026/6/6 10:42,64,28,60.333333333333336
TDS91028,2026/6/6 10:42,64,28,65.0
TDS91030,2026/6/6 10:42,64,23,95.0
TDS91031,2026/6/6 10:42,64,24,74.5
TDS91032,2026/6/6 10:42,64,6,59.5
TDS91035,2026/6/6 10:42,64,37,51.0
TDS91062,2026/6/6 10:42,64,20,82.0
TDS91064,2026/6/6 10:42,64,17,71.33333333333333
TDS91065,2026/6/6 10:42,64,9,101.33333333333333
TDS91066,2026/6/6 10:42,64,21,78.66666666666667
TDS91067,2026/6/6 10:42,64,15,82.33333333333333
TDS91068,2026/6/6 10:42,64,24,84.0
TDS91069,2026/6/6 10:42,64,15,62.333333333333336
TDS91070,2026/6/6 10:42,64,10,82.33333333333333
TDS91071,2026/6/6 10:42,64,7,89.66666666666667
TDS91072,2026/6/6 10:42,64,9,66.5
TDS91073,2026/6/6 10:42,64,17,87.33333333333333
TDS91074,2026/6/6 10:42,64,17,71.5
TDS91075,2026/6/6 10:42,64,27,72.0
TDS91076,2026/6/6 10:42,64,23,77.0
TDS91077,2026/6/6 10:42,64,21,79.33333333333333
TDSJCR10001,2026/6/6 10:42,64,0,70.0
TDSJCR20001,2026/6/6 10:42,64,2,63.5
TDSMOSB10002,2026/6/6 10:42,64,8,60.666666666666664
TDSMOSB10003,2026/6/6 10:42,64,8,77.0
TDSMOSB10004,2026/6/6 10:42,64,11,72.0
TDSMOSB10005,2026/6/6 10:42,64,1,80.0
TDSMOSB20001,2026/6/6 10:42,64,10,62.5
TDSMOSB20002,2026/6/6 10:42,64,3,92.0
TDSMOSB20004,2026/6/6 10:42,64,9,78.33333333333333
TDSMOSB20005,2026/6/6 10:42,64,7,49.333333333333336
TDSMOSB20006,2026/6/6 10:42,64,11,136.0
TDSMOSR10001,2026/6/6 10:42,64,15,82.5
TDSMOSR20001,2026/6/6 10:42,64,18,72.5
TDSPERE20002,2026/6/6 10:42,64,7,87.0
TDSTCKR10001,2026/6/6 10:42,64,2,51.0
TDSTKR10001,2026/6/6 10:42,64,3,74.0
TDSTKR10002,2026/6/6 10:42,64,0,70.0
TDSTKR10003,2026/6/6 10:42,64,11,69.0
TDSTKR10004,2026/6/6 10:42,64,2,66.0
TDSTKR10005,2026/6/6 10:42,64,0,70.0
TDSTKR20001,2026/6/6 10:42,64,7,69.0
TDSTKR20002,2026/6/6 10:42,64,2,59.0
TDSTKR20003,2026/6/6 10:42,64,5,48.5
TDSTKR20004,2026/6/6 10:42,64,12,68.5
TDSTKR20005,2026/6/6 10:42,64,7,77.0
TDSTKR20008,2026/6/6 10:42,64,3,57.5
TDSTKR20009,2026/6/6 10:42,64,3,52.0
TDSTPR10001,2026/6/6 10:42,64,8,37.0
TDSTPR10002,2026/6/6 10:42,64,0,50.0
TDSTPR10003,2026/6/6 10:42,64,2,21.0
TDSTPR10007,2026/6/6 10:42,64,2,36.0
TDSTPR20001,2026/6/6 10:42,64,0,50.0
TDSTPR20003,2026/6/6 10:42,64,1,34.0
TDSTPR20005,2026/6/6 10:42,64,2,40.0
TDSTPR20007,2026/6/6 10:42,64,3,37.0
TDSTPTWR10001,2026/6/6 10:42,64,6,46.666666666666664
TDSTPTWR10002,2026/6/6 10:42,64,6,49.666666666666664
TDSTPTWR20001,2026/6/6 10:42,64,8,57.666666666666664
TDSTPTWR20002,2026/6/6 10:42,64,4,59.666666666666664
TDSYSR10001,2026/6/6 10:42,64,8,60.0
TDSYSR10002,2026/6/6 10:42,64,4,81.5
TDSYSR10003,2026/6/6 10:42,64,2,86.0
TDSYSR20001,2026/6/6 10:42,64,11,47.0
TDSYSR20002,2026/6/6 10:42,64,14,48.5
TDSYSR20003,2026/6/6 10:42,64,1,57.5
